[
	{
		"path": "node_modules/tough-cookie",
		"justification" : "We do not make any HTTP requests"
	},
	{
		"path": "node_modules/retire",
		"justification" : "Used only for testing"
	},
	{
		"path": "node_modules/grunt-retire",
		"justification" : "Used only for testing"
	},
	{
		"path": "node_modules/sshpk",
		"justification" : "A dependency of retirejs/request"
	},
	{
		"path": "node_modules/grunt-mocha",
		"justification" : "Used only for testing"
	},
	{
		"path": "node_modules/grunt-lib-phantomjs",
		"justification" : "Used only for testing"
	},
	{
		"path": "node_modules/request",
		"justification" : "Used only for testing"
	},
	{
		"path": "node_modules/mocha",
		"justification": "Used only for testing"
	},
	{
		"path": "node_modules/growl",
		"justification": "Temporary disabling until vuln is fixed"
	},
	{
		"path": "node_modules/phantomjs-prebuilt",
		"justification": "Temporary disabling until we switch to headless chrome"
	},
	{
		"path": "node_modules/hawk",
		"justification": "Sub-dependency of retire.js, which is being ignored"
	},
	{
		"path": "node_modules/cryptiles",
		"justification": "Sub-dependency of retire.js, which is being ignored"
	},
	{
		"path": "node_modules/sntp",
		"justification": "Sub-dependency of retire.js, which is being ignored"
	},
	{
		"path": "node_modules/boom",
		"justification": "Sub-dependency of retire.js, which is being ignored"
	},
	{
		"path": "node_modules/hoek",
		"justification": "Sub-dependency of retire.js, which is being ignored"
	},
	{
		"path": "node_modules/stringstream",
		"justification": "Sub-dependency of retire.js, which is being ignored"
	},
	{
		"path": "node_modules/grunt-contrib-watch",
		"justification": "Ignoring until a new release is out"
	}
]