{
	"1.0.1": {
		"axe.js": "sha256-F14wfpbaL6+ZafS2ufmz74/R6CD1L777gCOJVuLn5Ao=",
		"axe.min.js": "sha256-GfbQgd6aKJKQT21HaQfVUuGEbMUfSKhi7RsWrrih7SM="
	},
	"1.1.0": {
		"axe.js": "sha256-nG9+LLksY/HS6yG4x0iS08U7RAmTucy50uXQS5ndQnM=",
		"axe.min.js": "sha256-5Lfk3/s+ieHttrDTOCVuepGjDgH2D1neTDDtXnJdIT0="
	},
	"1.1.1": {
		"axe.js": "sha256-K0MLUClls79s14CT01F82LPc+ZubTBwt6fZDdN5iyFw=",
		"axe.min.js": "sha256-UWXq259l36QypXwd2e4K2V1Lli2qHeSPmKfDXy+7uIM="
	},
	"2.0.5": {
		"axe.js": "sha256-KVA5sj4tNmFLneuHPPbg4iEp3MBzsHvn3+s9CxfMrmc=",
		"axe.min.js": "sha256-lt5eNq/L7IBUaoSUSAbQ7MEO02DThMGdVm/oxeA88gk="
	},
	"2.0.6": {
		"axe.js": "sha256-cLV1ABoE5NjfwLaRAJYIstAJCmciDXZ55/TrQS5rR/M=",
		"axe.min.js": "sha256-fnbwW70tA7/ya+5q5Oimc8wCRsdiv3WrU0MElp/euvY="
	},
	"2.0.7": {
		"axe.js": "sha256-HjHe1xKQqP6i3eGpDlARb5HkFsZxvAslvr1JJhUlp60=",
		"axe.min.js": "sha256-vo7Qs4YxFxzFEW5DG9u05JdAUCsFxx7dBIoBP5rzmKA="
	},
	"2.1.7": {
		"axe.js": "sha256-kXUowSb3HQy6AChF4LYR4cvNxKEHCWqCcuiSxvY6E1s=",
		"axe.min.js": "sha256-xJPQwkKDFmgwYDLqrt/esIHlc2HLUB2ogf9c1uS1BXA="
	},
	"2.2.0": {
		"axe.js": "sha256-0iX4Q9QT3uHAo+oxS5NWsrU4DNZKB30JRf7m+jjZcX0=",
		"axe.min.js": "sha256-3UsQJdfWbhtVd0QzcYi2VAJEfs8DMzxrRvr3h9WbMiE="
	},
	"2.2.1": {
		"axe.js": "sha256-1kuZOWtoYszbvrtG7TYfl/FuO48uwZeFpN4aNnebABk=",
		"axe.min.js": "sha256-WSHVQ1/IJaG9ZOydoFg+QXHLjOq8x/mhYkRAyN1yAdI="
	},
	"2.2.2": {
		"axe.js": "sha256-jTirRblNTKinTlmCK3FqDG6POtZVbP/bJNdrXZhCuqk=",
		"axe.min.js": "sha256-zpmYSLTgHx09UyYIvYrS5K6uj4VuBbspk54kHk5hPqo="
	},
	"2.2.3": {
		"axe.js": "sha256-dV8RkE0hyyzj7qgValVkoP7Rtu8789BmbyeHZmidvqA=",
		"axe.min.js": "sha256-BrNWjOcDL265Me8eKQosGWerJ6ju2g+G9+RvMWiBGOA="
	},
	"2.3.0": {
		"axe.js": "sha256-rkyHB2lHjs+tissQLBUxuxIvWlzRbS4f4cdaH+TjQvo=",
		"axe.min.js": "sha256-MGWkallV18uw6bSq6w8cjbGsf9v4rJtXP+NDtMEbO14="
	},
	"2.3.1": {
		"axe.js": "sha256-63oq1xHBiOhX9jlvn5sJmoL8TwJ8JaLYIB91gyb74RI=",
		"axe.min.js": "sha256-BGAllCBTUJjJXw3yOPMVai2Bj+1PVaEhK2na699nI/o="
	},
	"2.4.1": {
		"axe.js": "sha256-nR7Ix22wBzWJJw7bNukb3n8Bw16bvHdpGKW86+G8dU4=",
		"axe.min.js": "sha256-xVpSddrzxbQVFp90jaOUOQGp3fwCwK4sYxYmkIU3N2c="
	},
	"2.4.2": {
		"axe.js": "sha256-x1Yy3nmIKx4qWNKjPy+jtpXSozwbuFsLez1iHliFgEQ=",
		"axe.min.js": "sha256-v8V4N5vGmwEq7XbSIyUkGN9TrjhGBHjM1ZuAAIhgp6o="
	},
	"2.5.0": {
		"axe.js": "sha256-NYUXSdma9KjPfzmpt7jw/hlbmeAha8K3zEA2UOW+eWw=",
		"axe.min.js": "sha256-7MV3BvKtgHeecwFjYOBYJbmOhvh2wdTGU7odxgpcrG0="
	},
	"2.6.0": {
		"axe.js": "sha256-zK6kpREBDqi1wucJ1GoH9UafxT0E0+XUnrSzg03wdmw=",
		"axe.min.js": "sha256-vqKSLjjqbp9J3seCuphn1h/3OC6o5jntS8LtlIftvdY="
	},
	"2.6.1": {
		"axe.js": "sha256-fFHgLOnvH7mY6LNF58cvts9CXZCsyUgd++hhHeZpowo=",
		"axe.min.js": "sha256-arpGpcEwKuAfd4XQmHqNdmXP/nUvm4eMonLh+L0s6cc="
	},
	"3.0.0-alpha.7": {
		"axe.js": "sha256-10kIurI2DW5bjegHOgc/MMSHiiXK2CAVWCQfoN6h0fs=",
		"axe.min.js": "sha256-cDpGlEEbGsAh0MI82ZFwvX+oOpD5j+uo+kjKH/gJ5t4="
	},
	"3.0.0-alpha.8": {
		"axe.js": "sha256-1ZYjd7ajlao8zM/E8GJLh7u0H/uoMgO5K1fayVUOW5Q=",
		"axe.min.js": "sha256-hqbtoVFN2hNjaNhgH2anN1itc31jUDUnOX2cj/6SR2M="
	},
	"3.0.0-alpha.9": {
		"axe.js": "sha256-9eUbLQe6YDrwxRsdNnAeTGoBV3lTIrzokBmP2gaStBI=",
		"axe.min.js": "sha256-2nIufAEb6J4t/f/mnSa3D16vrdcBd0fPjEFy81F+N7k="
	},
	"3.0.0-beta.1": {
		"axe.js": "sha256-F9UktrEmuvDZZ3uYq5WVR9pyfgS+IP+RmRMq8WY6NzU=",
		"axe.min.js": "sha256-K0dHFoOFTxCCdRuVrey4KVRGQx6Oj5afJyp3YVpZNz0="
	},
	"3.0.0-beta.2": {
		"axe.js": "sha256-cMk6LIQ0mYRm54wqfZ6O2U/6BT6XpHPjqIPVyhMMHYU=",
		"axe.min.js": "sha256-66fXkU5+wmx5X9sURMglHTsWKO8R+LoOIcBwB8N9dPI="
	},
	"3.0.0-beta.3": {
		"axe.js": "sha256-9le58CGdN3pVlavrlAiyCmo276kXpnTKIIgFRlUhauI=",
		"axe.min.js": "sha256-yzD9M6lgRosBZtC6x3acx5XaiLgR2jAWe1dDMqutmbs="
	},
	"3.0.0": {
		"axe.js": "sha256-1wR8RsA0/NYF2caKkmvgOqcCoyZXOZK2q7/EfZ4Y8Fo=",
		"axe.min.js": "sha256-6SQ3NZobDnpEoUWc8h2u+4G3H2/yzt53VX3nv9PZ8g8="
	},
	"3.0.1": {
		"axe.js": "sha256-Vf/arxSrHppK2X5x6VgBZLJnCy8yK6P6uH99WwzQ30s=",
		"axe.min.js": "sha256-vMPyo7vifw5RTaVEAlnfwGFa9VyHymsNqanCsHh3Q8c="
	},
	"3.0.2": {
		"axe.js": "sha256-D24i3Yy35gMxOZNTNZyQLAyL3W3wVvW1wUYakK5v1VI=",
		"axe.min.js": "sha256-Hsc1oDUNhkVBP4gVUaC9jNm9t0qmLpTJzXW4uzx10bo="
	},
	"3.0.3": {
		"axe.js": "sha256-QhYA1btt0EGa6HUDloEPZ5p6ZArWsL8J9C7PDoqi320=",
		"axe.min.js": "sha256-Xlzi+kk/RJRo2x/+w04BppEgcrO/Cy9xTSbuIp6m/CU="
	},
	"3.1.0": {
		"axe.js": "sha256-qUMvWIpNXGal2tqBIDJsrXde0clrbTcATxlteQSyA4M=",
		"axe.min.js": "sha256-q1K/bHXBTINVndnMyDdntNSJHTAei0YhN/kNqeaGD5A="
	},
	"3.1.1": {
		"axe.js": "sha256-54k0QW1jMWPC2Lq/pTSX2xu8ky7QSd39uEqcy3Yk35o=",
		"axe.min.js": "sha256-Zs6maznrnIa0ko83hAWIKlhPPeBLmKmRmfphyuqBJbA="
	},
	"3.1.2": {
		"axe.js": "sha256-goUY5vBRPoITOCdg7HK/vfHRs50+RdQRQQkNCU3lnMs=",
		"axe.min.js": "sha256-wIvlzfT77n6fOnSL6/oLbzB873rY7QHTW/e0Z0mOoYs="
	}
}